,columna,metrica,tiempo_procesamiento,cluster
0,1,4.0698921330697155,436.5171711444855,2
1,2,3.4255081673423486,456.94129514694214,2
2,3,3.4496166311519687,434.9359757900238,2
